email_security_providers,domain
mailchannels,78685
Mimecast,30292
Proofpoint,17893
Solarwinds,14768
Barracuda,11873
Symantec,11197
Protonmail,8158
ZixMail,6336
Trend Micro,4225
hornetsecurity,3901
AppRiver,3755
Cisco Ironport,3369
Reflexion,3020
Forcepoint,2490
Mcafee,1385
Sophos,1302
Mailprotector,1082
vadesecure,987
SecureMX,963
the email laundry,830
Securence.com,797
BAE Systems,789
Activegate SS,752
DuoCircle,722
Retarus,695
fusemail,619
Fortinet,579
SpamHero,577
Mail in Black,481
Sonic Wall,373
SpamTitan,219
Censornet,206
Manage Protect,171
FireEye,170
Can-It Pro,165
Trustwave,154
Exchange Defender,140
Panda Security,111
Microsoft Frontbridge,109
Postini,21
iBarracuda,19
MX Relay,16
Edgewave,13
MXGuarddog,10
Kaspersky,8
AVG,7
Sendio,5
Deteque,4
EdgeWave,3
Watchguard,1
